"alert","package","severity","manifest","githubScope","ghsa","affectedRange","firstPatched","url"
"87","@simplewebauthn/server","low","pnpm-lock.yaml","runtime","GHSA-6hxq-p678-4hr2","<= 13.3.1","13.3.2","https://github.com/quieter-email/quieter/security/dependabot/87"
"86","fast-uri","high","pnpm-lock.yaml","runtime","GHSA-f65p-4m7j-42xc",">= 3.0.0, < 3.1.6","3.1.6","https://github.com/quieter-email/quieter/security/dependabot/86"
"85","fast-uri","high","pnpm-lock.yaml","runtime","GHSA-jqff-g426-hqxp",">= 3.0.0, < 3.1.6","3.1.6","https://github.com/quieter-email/quieter/security/dependabot/85"
"84","qs","medium","pnpm-lock.yaml","runtime","GHSA-4mjr-xmp4-gh2g",">= 2.2.5, < 6.16.0","6.16.0","https://github.com/quieter-email/quieter/security/dependabot/84"
"83","browserslist","high","pnpm-lock.yaml","runtime","GHSA-c83g-rgw3-j3cx","<= 4.28.6","4.28.7","https://github.com/quieter-email/quieter/security/dependabot/83"
"82","browserslist","high","pnpm-lock.yaml","runtime","GHSA-73wf-gq98-2v4g","<= 4.28.6","4.28.7","https://github.com/quieter-email/quieter/security/dependabot/82"
"81","qs","medium","pnpm-lock.yaml","runtime","GHSA-x5fp-wj9c-mxmx",">= 6.14.2, <= 6.15.3","6.16.0","https://github.com/quieter-email/quieter/security/dependabot/81"
"80","mysql2","medium","pnpm-lock.yaml","runtime","GHSA-rgwj-5xj2-c3m3","<= 3.23.0","3.23.1","https://github.com/quieter-email/quieter/security/dependabot/80"
"79","fast-uri","high","pnpm-lock.yaml","runtime","GHSA-fph4-wmhf-6fwf",">= 3.1.2, < 3.1.6","3.1.6","https://github.com/quieter-email/quieter/security/dependabot/79"
"78","fast-uri","high","pnpm-lock.yaml","runtime","GHSA-5jgf-p345-68v8",">= 3.1.3, < 3.1.6","3.1.6","https://github.com/quieter-email/quieter/security/dependabot/78"
"77","@tiptap/core","medium","pnpm-lock.yaml","runtime","GHSA-cp6q-959q-f8rh",">= 2.0.0-alpha.0, < 3.30.4","3.30.4","https://github.com/quieter-email/quieter/security/dependabot/77"
"76","mysql2","high","pnpm-lock.yaml","runtime","GHSA-3f6p-5ww8-9rcr","< 3.22.0","3.22.0","https://github.com/quieter-email/quieter/security/dependabot/76"
"75","deepmerge-ts","high","pnpm-lock.yaml","runtime","GHSA-ggr8-5vv4-36mx","< 8.0.0","8.0.0","https://github.com/quieter-email/quieter/security/dependabot/75"
"73","@hono/node-server","medium","pnpm-lock.yaml","runtime","GHSA-frvp-7c67-39w9","< 1.19.15","1.19.15","https://github.com/quieter-email/quieter/security/dependabot/73"
"71","hono","medium","pnpm-lock.yaml","runtime","GHSA-f23p-vx2j-j53r",">= 3.8.0, < 4.12.34","4.12.34","https://github.com/quieter-email/quieter/security/dependabot/71"
"70","hono","low","pnpm-lock.yaml","runtime","GHSA-79qm-7rj5-m7r9",">= 4.7.0, < 4.12.34","4.12.34","https://github.com/quieter-email/quieter/security/dependabot/70"
"69","js-yaml","high","pnpm-lock.yaml","runtime","GHSA-5p4m-2wfm-xmqj",">= 4.0.0, < 4.3.1","4.3.1","https://github.com/quieter-email/quieter/security/dependabot/69"
"68","hono","medium","pnpm-lock.yaml","runtime","GHSA-8j4g-w8fx-2239","< 4.12.34","4.12.34","https://github.com/quieter-email/quieter/security/dependabot/68"
"67","undici","medium","pnpm-lock.yaml","runtime","GHSA-m8rv-5g2x-5cg5",">= 7.0.0, < 7.29.0","7.29.0","https://github.com/quieter-email/quieter/security/dependabot/67"
"66","undici","medium","pnpm-lock.yaml","runtime","GHSA-jr45-8vmc-qm54",">= 7.0.0, < 7.29.0","7.29.0","https://github.com/quieter-email/quieter/security/dependabot/66"
"65","undici","medium","pnpm-lock.yaml","runtime","GHSA-v3r7-h72x-cjcm",">= 7.0.0, < 7.29.0","7.29.0","https://github.com/quieter-email/quieter/security/dependabot/65"
"64","undici","medium","pnpm-lock.yaml","runtime","GHSA-8xcm-r25x-g524",">= 7.0.0, < 7.29.0","7.29.0","https://github.com/quieter-email/quieter/security/dependabot/64"
"63","undici","high","pnpm-lock.yaml","runtime","GHSA-4cwx-7wf7-3272",">= 7.0.0, < 7.29.0","7.29.0","https://github.com/quieter-email/quieter/security/dependabot/63"
"62","postcss","medium","pnpm-lock.yaml","development","GHSA-fxqj-rqcc-2cmp","<= 8.5.22","8.5.23","https://github.com/quieter-email/quieter/security/dependabot/62"
"59","postcss","high","pnpm-lock.yaml","development","GHSA-r28c-9q8g-f849","<= 8.5.17","8.5.18","https://github.com/quieter-email/quieter/security/dependabot/59"
"58","valibot","medium","pnpm-lock.yaml","runtime","GHSA-5qjj-4xww-7phc","<= 1.4.1","1.4.2","https://github.com/quieter-email/quieter/security/dependabot/58"
"57","better-auth","high","pnpm-lock.yaml","runtime","GHSA-qq9h-g4jm-xgf3",">= 1.1.3, < 1.6.22","1.6.22","https://github.com/quieter-email/quieter/security/dependabot/57"
"56","hono","medium","pnpm-lock.yaml","runtime","GHSA-w62v-xxxg-mg59",">= 4.0.0, < 4.12.27","4.12.27","https://github.com/quieter-email/quieter/security/dependabot/56"
"55","hono","medium","pnpm-lock.yaml","runtime","GHSA-xgm2-5f3f-mvvc",">= 4.3.3, < 4.12.27","4.12.27","https://github.com/quieter-email/quieter/security/dependabot/55"
"54","js-yaml","high","pnpm-lock.yaml","runtime","GHSA-52cp-r559-cp3m",">= 4.0.0, < 4.3.0","4.3.0","https://github.com/quieter-email/quieter/security/dependabot/54"
"53","brace-expansion","high","pnpm-lock.yaml","development","GHSA-3jxr-9vmj-r5cp",">= 3.0.0, < 5.0.7","5.0.7","https://github.com/quieter-email/quieter/security/dependabot/53"
"52","better-auth","low","pnpm-lock.yaml","runtime","GHSA-2vg6-77g8-24mp",">= 0.3.4, < 1.6.11","1.6.11","https://github.com/quieter-email/quieter/security/dependabot/52"
"51","better-auth","high","pnpm-lock.yaml","runtime","GHSA-7w99-5wm4-3g79","< 1.6.11","1.6.11","https://github.com/quieter-email/quieter/security/dependabot/51"
"50","better-auth","high","pnpm-lock.yaml","runtime","GHSA-392p-2q2v-4372",">= 1.4.8-beta.7, < 1.6.0","1.6.0","https://github.com/quieter-email/quieter/security/dependabot/50"
"49","better-auth","high","pnpm-lock.yaml","runtime","GHSA-9h47-pqcx-hjr4","< 1.6.11","1.6.11","https://github.com/quieter-email/quieter/security/dependabot/49"
"48","better-auth","high","pnpm-lock.yaml","runtime","GHSA-86j7-9j95-vpqj","< 1.6.13","1.6.13","https://github.com/quieter-email/quieter/security/dependabot/48"
"47","better-auth","high","pnpm-lock.yaml","runtime","GHSA-g38m-r43w-p2q7","< 1.6.11","1.6.11","https://github.com/quieter-email/quieter/security/dependabot/47"
"46","better-auth","high","pnpm-lock.yaml","runtime","GHSA-fmh4-wcc4-5jm3","< 1.6.11","1.6.11","https://github.com/quieter-email/quieter/security/dependabot/46"
"45","better-auth","critical","pnpm-lock.yaml","runtime","GHSA-pw9m-5jxm-xr6h","< 1.6.11","1.6.11","https://github.com/quieter-email/quieter/security/dependabot/45"
"44","js-yaml","medium","pnpm-lock.yaml","runtime","GHSA-h67p-54hq-rp68",">= 4.0.0, <= 4.1.1","4.2.0","https://github.com/quieter-email/quieter/security/dependabot/44"
"43","hono","medium","pnpm-lock.yaml","runtime","GHSA-rv63-4mwf-qqc2","< 4.12.25","4.12.25","https://github.com/quieter-email/quieter/security/dependabot/43"
"42","hono","medium","pnpm-lock.yaml","runtime","GHSA-wgpf-jwqj-8h8p","< 4.12.25","4.12.25","https://github.com/quieter-email/quieter/security/dependabot/42"
"41","hono","high","pnpm-lock.yaml","runtime","GHSA-88fw-hqm2-52qc","< 4.12.25","4.12.25","https://github.com/quieter-email/quieter/security/dependabot/41"
"40","hono","medium","pnpm-lock.yaml","runtime","GHSA-wwfh-h76j-fc44","< 4.12.25","4.12.25","https://github.com/quieter-email/quieter/security/dependabot/40"
"39","hono","medium","pnpm-lock.yaml","runtime","GHSA-j6c9-x7qj-28xf","< 4.12.25","4.12.25","https://github.com/quieter-email/quieter/security/dependabot/39"
"38","hono","medium","pnpm-lock.yaml","runtime","GHSA-2gcr-mfcq-wcc3","< 4.12.21","4.12.21","https://github.com/quieter-email/quieter/security/dependabot/38"
"37","hono","medium","pnpm-lock.yaml","runtime","GHSA-xrhx-7g5j-rcj5","< 4.12.21","4.12.21","https://github.com/quieter-email/quieter/security/dependabot/37"
"36","hono","medium","pnpm-lock.yaml","runtime","GHSA-3hrh-pfw6-9m5x","< 4.12.21","4.12.21","https://github.com/quieter-email/quieter/security/dependabot/36"
"35","hono","medium","pnpm-lock.yaml","runtime","GHSA-f577-qrjj-4474","< 4.12.21","4.12.21","https://github.com/quieter-email/quieter/security/dependabot/35"
"34","better-auth","medium","pnpm-lock.yaml","runtime","GHSA-wxw3-q3m9-c3jr","< 1.6.2","1.6.2","https://github.com/quieter-email/quieter/security/dependabot/34"
"33","kysely","high","pnpm-lock.yaml","runtime","GHSA-pv5w-4p9q-p3v2",">= 0.26.0, < 0.28.17","0.28.17","https://github.com/quieter-email/quieter/security/dependabot/33"
"32","hono","medium","pnpm-lock.yaml","runtime","GHSA-qp7p-654g-cw7p","< 4.12.18","4.12.18","https://github.com/quieter-email/quieter/security/dependabot/32"
"31","hono","low","pnpm-lock.yaml","runtime","GHSA-hm8q-7f3q-5f36","< 4.12.18","4.12.18","https://github.com/quieter-email/quieter/security/dependabot/31"
"30","hono","medium","pnpm-lock.yaml","runtime","GHSA-p77w-8qqv-26rm","< 4.12.18","4.12.18","https://github.com/quieter-email/quieter/security/dependabot/30"
"29","hono","medium","pnpm-lock.yaml","runtime","GHSA-9vqf-7f2p-gf9v","< 4.12.16","4.12.16","https://github.com/quieter-email/quieter/security/dependabot/29"
"28","hono","medium","pnpm-lock.yaml","runtime","GHSA-69xw-7hcm-h432","< 4.12.16","4.12.16","https://github.com/quieter-email/quieter/security/dependabot/28"
"27","hono","medium","pnpm-lock.yaml","runtime","GHSA-458j-xx4x-4375","< 4.12.14","4.12.14","https://github.com/quieter-email/quieter/security/dependabot/27"
"26","hono","medium","pnpm-lock.yaml","runtime","GHSA-r5rp-j6wh-rvv4","< 4.12.12","4.12.12","https://github.com/quieter-email/quieter/security/dependabot/26"
"25","hono","medium","pnpm-lock.yaml","runtime","GHSA-xpcf-pg52-r92g","< 4.12.12","4.12.12","https://github.com/quieter-email/quieter/security/dependabot/25"
"24","hono","medium","pnpm-lock.yaml","runtime","GHSA-26pp-8wgv-hjvm","< 4.12.12","4.12.12","https://github.com/quieter-email/quieter/security/dependabot/24"
"23","hono","medium","pnpm-lock.yaml","runtime","GHSA-xf4j-xp2r-rqqx",">= 4.0.0, <= 4.12.11","4.12.12","https://github.com/quieter-email/quieter/security/dependabot/23"
"22","hono","medium","pnpm-lock.yaml","runtime","GHSA-wmmm-f939-6g9c","< 4.12.12","4.12.12","https://github.com/quieter-email/quieter/security/dependabot/22"
"21","@hono/node-server","medium","pnpm-lock.yaml","runtime","GHSA-92pp-h63x-v22m","< 1.19.13","1.19.13","https://github.com/quieter-email/quieter/security/dependabot/21"
"20","defu","high","pnpm-lock.yaml","runtime","GHSA-737v-mqg7-c878","<= 6.1.4","6.1.5","https://github.com/quieter-email/quieter/security/dependabot/20"
"19","lodash","high","pnpm-lock.yaml","runtime","GHSA-r5fr-rjxr-66jc",">= 4.0.0, <= 4.17.23","4.18.0","https://github.com/quieter-email/quieter/security/dependabot/19"
"18","lodash","medium","pnpm-lock.yaml","runtime","GHSA-f23m-r3pf-42rh","<= 4.17.23","4.18.0","https://github.com/quieter-email/quieter/security/dependabot/18"
"17","kysely","high","pnpm-lock.yaml","runtime","GHSA-8cpq-38p9-67gx","<= 0.28.13","0.28.14","https://github.com/quieter-email/quieter/security/dependabot/17"
"16","effect","high","pnpm-lock.yaml","runtime","GHSA-38f7-945m-qr2g","< 3.20.0","3.20.0","https://github.com/quieter-email/quieter/security/dependabot/16"
"15","kysely","high","pnpm-lock.yaml","runtime","GHSA-wmrf-hv6w-mr66",">= 0.26.0, <= 0.28.11","0.28.12","https://github.com/quieter-email/quieter/security/dependabot/15"
"14","hono","medium","pnpm-lock.yaml","runtime","GHSA-v8w9-8mx6-g223","< 4.12.7","4.12.7","https://github.com/quieter-email/quieter/security/dependabot/14"
"13","@hono/node-server","high","pnpm-lock.yaml","runtime","GHSA-wc8c-qw6v-h7f6","< 1.19.10","1.19.10","https://github.com/quieter-email/quieter/security/dependabot/13"
"12","hono","medium","pnpm-lock.yaml","runtime","GHSA-5pq2-9x2x-5p6w","< 4.12.4","4.12.4","https://github.com/quieter-email/quieter/security/dependabot/12"
"11","hono","medium","pnpm-lock.yaml","runtime","GHSA-p6xx-57qc-3wxr","< 4.12.4","4.12.4","https://github.com/quieter-email/quieter/security/dependabot/11"
"10","hono","high","pnpm-lock.yaml","runtime","GHSA-q5qw-h33p-qvwr","< 4.12.4","4.12.4","https://github.com/quieter-email/quieter/security/dependabot/10"
"9","hono","low","pnpm-lock.yaml","runtime","GHSA-gq3j-xvxp-8hrf","< 4.11.10","4.11.10","https://github.com/quieter-email/quieter/security/dependabot/9"
"8","hono","medium","pnpm-lock.yaml","runtime","GHSA-9r54-q6cx-xmh5","< 4.11.7","4.11.7","https://github.com/quieter-email/quieter/security/dependabot/8"
"7","hono","medium","pnpm-lock.yaml","runtime","GHSA-w332-q679-j88p","< 4.11.7","4.11.7","https://github.com/quieter-email/quieter/security/dependabot/7"
"6","hono","medium","pnpm-lock.yaml","runtime","GHSA-6wqw-2p9w-4vw4","< 4.11.7","4.11.7","https://github.com/quieter-email/quieter/security/dependabot/6"
"5","hono","medium","pnpm-lock.yaml","runtime","GHSA-r354-f388-2fhh","< 4.11.7","4.11.7","https://github.com/quieter-email/quieter/security/dependabot/5"
"4","lodash","medium","pnpm-lock.yaml","runtime","GHSA-xxjr-mmjv-4gpg",">= 4.0.0, <= 4.17.22","4.17.23","https://github.com/quieter-email/quieter/security/dependabot/4"
