"id","finding","path","line","end_line","export","classification","definition_status","evidence","action","preserve_or_coordinate"
"AE01","F120","apps/web/src/lib/agent-access.server.ts","29","32","isAiCrawlerUserAgent","remove_export","internal_only","Called by isAiCrawlerRequest at line 35; tests import isAiCrawlerRequest rather than this helper","Remove export modifier only","Keep the definition and its existing behavior"
"AE02","F120","apps/web/src/lib/agent-content.server.ts","4","4","siteUrl","remove_export","internal_only","Used throughout local page strings and sitemap generation, including lines 27 and 187","Remove export modifier only","Keep the definition and its existing behavior"
"AE03","F120","apps/web/src/lib/agent-content.server.ts","7","7","contentLastUpdated","remove_export","internal_only","Used by local sitemap generation at line 187","Remove export modifier only","Keep the definition and its existing behavior"
"AE04","F120","apps/web/src/lib/query-persister.ts","43","43","PERSISTED_QUERY_MAX_AGE_MS","remove_export","internal_only","Passed to the local persister maxAge option at line 167","Remove export modifier only","Keep the definition and its existing behavior"
"AE05","F120","apps/web/src/features/compose/domain/compose-form.ts","15","22","emptyComposeFormValues","delete_definition","unused_definition","No reference beyond declaration, including compose tests","Delete unused definition","Keep ComposeFormValues and live draft/form conversion helpers"
"AE06","F120","apps/web/src/features/compose/domain/template-placeholders.ts","19","39","findTemplatePlaceholders","remove_export","internal_only","Used by local selection helpers at lines 46 and 61","Remove export modifier only","Keep helper and live template-value reexports"
"AE07","F120","apps/web/src/features/hotkeys/domain/hotkey-guards.ts","51","54","isEditableShortcutTarget","remove_export","internal_only","Called by shouldIgnoreAppShortcut at line 62","Remove export modifier only","Keep the definition and its existing behavior"
"AE08","F120","apps/web/src/features/hotkeys/domain/hotkey-guards.ts","56","59","hasOpenBlockingDialog","remove_export","internal_only","Called by shouldIgnoreAppShortcut at line 63","Remove export modifier only","Keep the definition and its existing behavior"
"AE09","F120","apps/web/src/features/hotkeys/domain/keyboard-shortcuts.ts","281","282","getShortcutKeys","delete_definition","unused_definition","No reference beyond declaration, including keyboard shortcut tests","Delete unused definition","Keep KeyboardShortcut type and live shortcut definitions"
"AE10","F120","apps/web/src/features/message-delivery/domain/message-delivery-query.ts","16","19","getMessageDeliveryQueryKey","remove_export","internal_only","Used by local queryOptions at line 35","Remove export modifier only","Preserve mailboxId and messageId in the generated query key"
"AE11","F120","apps/web/src/features/message-delivery/domain/message-delivery-query.ts","62","63","getMessageListDeliveryQueryKey","remove_export","internal_only","Used by local list queryOptions at line 96","Remove export modifier only","Preserve mailboxId and selected message IDs in the query key"
"AE12","F120","apps/web/src/features/settings/domain/settings-search.ts","80","89","SETTINGS_SEARCH_ENTRIES","remove_export","internal_only","Filtered by the local search helper at line 125","Remove export modifier only","Keep the definition and its existing behavior"
"AE13","F120","apps/web/src/features/home/components/reveal.tsx","14","24","useEntrance","remove_export","internal_only","Called by both local components at lines 41 and 70","Remove export modifier only","Keep helper; parent owns the separate Reveal runtime issue"
"AE14","F120","apps/web/src/lib/managed-mail/demo-managed-mail.ts","39","43","DEMO_MANAGED_LABEL_IDS","remove_export","internal_only","Used in local label definitions and fixtures from lines 45, 85 and 165","Remove export modifier only","Keep the definition and its existing behavior"
"AE15","F120","apps/web/src/lib/managed-mail/demo-managed-mail.ts","1141","1143","resetManagedDemoMail","delete_definition","unused_definition","No call or reexport beyond declaration, including tests","Delete unused definition","Keep writeDemoState and createInitialDemoState used by live demo operations"
"AE16","F120","apps/web/src/lib/gmail/demo-mail.ts","440","442","resetLandingDemoMail","delete_definition","unused_definition","No call or reexport beyond declaration, including tests","Delete unused definition","Keep landingDemoState and createInitialDemoState used elsewhere"
"AE17","F120","apps/web/src/lib/gmail/demo-mail.ts","741","770","getLandingDemoMailboxes","delete_definition","unused_definition","No call or reexport beyond declaration; unused mailbox-list factory","Delete unused definition","Keep live getDemoMailboxes and LANDING_DEMO_MAILBOX_ID consumers"
"AE18","F120","apps/web/src/lib/gmail/thread-query-keys.ts","1","1","THREAD_QUERY_VERSION","remove_export","internal_only","Used by both local query-key factories at lines 4 and 7","Remove export modifier only","Keep version value and existing cache keys"
"AE19","F120","apps/web/src/features/settings/domain/managed-demo-mode-setting.ts","13","13","isManagedDemoModeAvailable","remove_export","internal_only","Called locally at lines 16 and 47","Remove export modifier only","Keep the definition and its existing behavior"
"AE20","F120","apps/web/src/lib/preview-personas.ts","14","14","isPreviewPersona","remove_export","unused_reexport","No consumer of this forwarding export; same module directly imports source helper as isPreviewPersonaValue and calls it at lines 44 and 51","Remove named forwarding export only","Preserve aliased direct import and the exported helper in preview-personas.shared.ts"
"AE21","F120","apps/web/src/lib/preview-personas.ts","15","15","previewPersonaCookieName","remove_export","unused_reexport","No consumer of this forwarding export; it is the sole external reference to the unused app/shared cookie-name constant","Remove named forwarding export; coordinate deletion of app/shared constant","Preserve the independent live cookie-name constant in packages/auth"
"AE22","F120","apps/web/src/lib/preview-personas.ts","16","16","previewPersonas","remove_export","unused_reexport","No consumer of this forwarding export; source tuple is used internally by its predicate and PreviewPersona type","Remove named forwarding export; coordinate removal of source tuple export modifier","Preserve shared tuple, predicate and PreviewPersona type export"
"AE23","F121","apps/web/src/features/settings/components/settings-layout.tsx","195","207","SettingsListRow","delete_definition","unused_definition","No import, reexport, JSX use or registry reference; only declaration","Delete unused definition","Keep live settings components and settingsSurfaceVariants; remove its listRow variant at lines 27-28 because this wrapper is its only consumer"
"AE24","F120","apps/web/src/features/settings/components/settings-overview-panel.tsx","132","195","SettingsOverviewContent","remove_export","internal_only","Rendered within the same module at line 124","Remove export modifier only","Keep the rendered component; it is not dead UI"
"AE25","F120","apps/web/src/lib/preview-personas.shared.ts","1","1","previewPersonaCookieName","delete_definition","unused_definition","Only reference is the unused forwarding export in preview-personas.ts; no internal read","Delete unused definition","Remove unused forwarding export in the same change; preserve independent packages/auth constant"
"AE26","F120","apps/web/src/lib/preview-personas.shared.ts","2","2","previewPersonaCookieMaxAgeSeconds","remove_export","internal_only","Used only by local previewPersonaCookieMaxAgeMs derivation at line 4","Remove export modifier only","Keep seconds value and the consumed exported millisecond constant"
"AE27","F120","apps/web/src/lib/preview-personas.shared.ts","5","5","previewPersonas","remove_export","internal_only_after_reexport_cleanup","Used internally by PreviewPersona type at line 7 and predicate at line 13; only external value reference is unused forwarding export","Remove export modifier together with unused facade forwarding export","Preserve tuple, PreviewPersona type export and isPreviewPersona helper export"
"AE28","F122","apps/web/src/features/navigation/components/mailbox-switcher.tsx","1064","1077","MailboxSettingsRow","delete_definition","unused_definition","No import, reexport, JSX use or registry reference; only declaration","Delete unused definition","Keep MailboxSummary and MailboxSummaryProps: the live MailboxSummary uses them at lines 342-345 and renders in the dropdown"
"AE29","F120","apps/web/src/lib/connector-icons.ts","8","14","connectorIcons","remove_export","internal_only","Indexed by the local public accessor at line 17","Remove export modifier only","Keep the definition and its existing behavior"
"AE30","F120","apps/web/src/features/navigation/components/sidebar-surfaces.tsx","20","28","sidebarSurfaceVariants","remove_export","internal_only","Used by local surface components at lines 104, 158 and 197","Remove export modifier only","Keep the definition and its existing behavior"
"AE31","F120","apps/web/src/features/compose/components/compose-editor.tsx","114","120","useComposeEditor","remove_export","internal_only","Called by local editor controls at lines 306, 393 and 605","Remove export modifier only","Keep hook and context; do not delete live compose behavior"
"AE32","F120","apps/web/src/lib/gmail/useful-details-query.ts","9","12","getGmailThreadUsefulDetailsQueryKey","remove_export","internal_only","Used by local queryOptions at line 41","Remove export modifier only","Preserve mailboxId and thread ID key dimensions"
"AE33","F120","apps/web/src/features/settings/components/organization-settings/mail-delivery.ts","26","37","getMailDeliveryMetricsQueryKey","remove_export","internal_only","Used by local queryOptions at line 55","Remove export modifier only","Preserve organization, range and optional mailbox dimensions"
